Channel,Region,Fresh,Milk,Grocery,Frozen,Detergents_Paper,Delicassen,Cluster
2,3,0.0528730042415329,0.5229724714080793,-0.0410681453901357,-0.5886970394062951,-0.0435191938188023,-0.0662636293442819,-1
2,3,-0.390857056063646,0.5438386136603491,0.1701247002040281,-0.2698290345073171,0.0863085949200281,0.0890496850231093,-1
2,3,-0.4465209837997198,0.4080731945903861,-0.0281250860936324,-0.1373793399659458,0.1330801569374097,2.240741903245325,-1
1,3,0.0999975794271863,-0.6233104081646624,-0.3925300807585997,0.6863630060230804,-0.4980213233778423,0.0933048443208461,-1
2,3,0.8392841196719161,-0.0523368792616442,-0.0792659545334747,0.1736611557688452,-0.2316541316196601,1.2978695221884908,-1
2,3,-0.2045726615378082,0.3336867524053464,-0.2972986282111566,-0.4955908777691258,-0.2278788485868669,-0.0261942126239275,-1
2,3,0.0099390372519192,-0.3519150644549459,-0.1027318262661596,-0.5339044752569875,0.0542186891412865,-0.3474587396030521,-1
2,3,-0.3495835187366141,-0.1138513505767772,0.1551823065446503,-0.288985833251248,0.0921812574154841,0.3691810054574453,-1
1,3,-0.4773575346762379,-0.2910780652908606,-0.1851254476414612,-0.5452337648367316,-0.2444481463419035,-0.2747664349333826,0
2,3,-0.4739576072719039,0.717677967619194,1.150114222385617,-0.3940392457179655,0.9529457888923184,0.2032297928457121,-1
2,3,-0.6826973362821805,-0.053285340273111,0.5285316917803721,0.2735648911538609,0.6492452426987375,0.077702593562478,-1
2,3,0.0905884780058897,-0.6330660071397496,-0.3607511872013315,-0.3402766169849983,-0.4892123296346582,-0.3644793767939991,0
2,3,1.5587245720448353,0.8837941390560949,0.4004690644320424,-0.5736599823277257,0.2096345073246038,0.4986087674302715,-1
2,3,0.7287469449914741,0.0557876760455718,0.7398297654988977,0.0047517474890249,0.8023539434731257,-0.3272467329388026,-1
2,3,1.000424865021516,0.4970930352380565,0.4356152579688889,-0.5722180727448491,0.4564960700800214,0.2280515554158431,-1
1,3,-0.1381554750345384,-0.6344209514418451,-0.434621330503326,-0.5510014031682376,-0.4021710819341499,-0.3946200884863011,0
2,3,-0.8681910500163127,0.4091571500320625,0.4387721016997433,-0.605176006067741,0.3411401996335646,-0.157749554245622,-1
1,3,-0.4842364575640766,0.048877460104885,-0.5280639049366183,-0.4599551123637491,-0.5267554220163233,1.0471697202301673,-1
2,3,0.5219048498812909,0.0719115132405075,0.2260008342401522,-0.1785767566195605,-0.0240135648160378,0.5872579194664538,-1
1,3,-0.3336908348233316,-0.4473031433224648,0.1591809752703993,-0.4949729165193216,-0.0762383134363428,-0.3630609903614202,-1
2,3,0.4384880263563508,-0.1730624165783479,-0.352438165376748,-0.4131960444618964,-0.1305604415193106,0.2124493046574751,-1
1,3,-0.5086684940277795,-0.6673460979827642,-0.625189463722574,0.0640760274702301,-0.5257067322849919,-0.3389484210075786,0
1,3,1.5240927533681303,-0.5256189239835812,-0.3664335059168695,1.3051482041603737,-0.1049724120748238,0.9961078086573264,-1
2,3,1.136421961194878,4.149751884826943,1.480320076632994,0.4288791519379884,0.3052750108220299,5.318285865333429,-1
2,3,0.841814298205374,0.5392318030332247,0.6146082975083372,-0.0323259274992283,0.3356870130306412,1.5081453108183152,-1
2,3,0.3292950090218083,-0.2122203069089061,-0.0374903891618339,-0.5913748714887801,0.2352225367690906,-0.52050188437768,-1
1,3,-0.1662246431400869,-0.6551515992639053,-0.535640329890669,0.016287024152037,-0.5536018791384079,-0.2453349164573701,0
1,3,0.1799354074686217,-0.6765597192370132,-0.5162783550080949,-0.5328745398406471,-0.5833846675082203,-0.3570328480229598,0
2,3,-0.6236334811417727,1.9901061617170213,1.894708430369824,-0.3942452328012336,1.2002268275402688,1.30531605095953,-1
1,3,2.458044904530777,-0.5008234432552348,-0.5621578172298465,-0.3855937753039745,-0.3721785556180711,-0.2488808825388174,-1
1,3,0.5388254188237906,-0.2962268536388233,0.3320707835968623,-0.3963051036339143,-0.1567776848025963,0.5099558588909028,-1
1,3,-0.7423146679767822,-0.1974514140160658,-0.5070182800642551,-0.2026772453619252,-0.432373346196495,-0.1914362320193713,0
1,3,0.7615601978472563,-0.6067800876790981,-0.5330096267816236,-0.5779857110763552,-0.411819027462399,-0.3971022647433142,0
1,3,1.401774434891275,-0.1368854037123996,-0.0657967546151623,0.6299225452076282,-0.5286430635327198,-0.1566857644211878,-1
1,3,-0.8300802358561031,-0.5172182693105896,-0.5986719763833965,-0.5452337648367316,-0.503055034088233,-0.4006482308247615,0
2,3,-0.8944416523009384,-0.0413618304146711,0.3303871336070733,-0.4611910348633575,0.2847206920879339,-0.3861097698908276,-1
1,3,1.4196438207838211,-0.1943350421212463,-0.2655197346538883,-0.2766266082551636,-0.423564352453311,1.0996500182355873,-1
2,3,0.2504641340887607,0.6449174585966689,0.4762333139725497,-0.2372830753509615,0.7601966162736024,-0.2875319128265929,-1
2,3,-0.5858389392982454,1.34583014607064,0.9215587362717532,-0.6259807014778164,0.8545786920934307,-0.3871735597152618,-1
1,3,3.491543767369158,-0.7101623379289801,-0.7417822255154657,1.4275045316216093,-0.5598940175263963,0.4932898183081005,-1
1,3,0.9507701113024049,-0.1983998750275326,-0.3361278061006666,1.326158886653717,-0.3642085136599523,1.5386406191187618,-1
1,3,0.5673689954043625,-0.3700713181030248,-0.2099592849908497,-0.2140065349416692,-0.0642832504991645,0.4528658049796014,-1
2,3,-0.0909518317697145,0.2382986735378275,0.7376199748872996,-0.594052703571265,0.8426236291562524,-0.5244024470672719,-1
2,3,-0.8990276008928308,0.7179489564796131,1.688566534745027,-0.4706664406936889,1.3942344278365826,-0.515182935255509,-1
2,3,-0.1842521651909745,0.1667576143871883,0.2651456965027476,-0.521339263177635,0.364211373722856,-0.5176651115125221,-1
2,3,-0.5391887725876153,2.20147747284391,1.428968751944428,-0.2743607503392148,0.937844656761146,1.226950200559545,-1
2,3,-0.7034922411040376,1.1209093919227968,1.473585476673838,-0.289191820334516,0.8201816689057599,-0.0258396160157828,-1
2,3,2.567000717627808,6.566430542044369,5.01093410522063,0.9702132067664858,4.46521743706753,1.751753180613744,-1
2,3,-0.0380552868046102,0.0481999879538373,0.3069212618743884,-0.5124818185971078,0.4697095606947974,-0.0173292974203093,-1
2,3,-0.556109341530115,2.115844992951478,2.206604590978245,-0.2624134995096665,2.2445120620001027,-0.1283180357696095,-1
1,3,-0.4531627024500468,-0.6369953456158264,-0.6283463074534285,0.1623318661891012,-0.4766280528586811,0.2259239757669748,0
1,3,-0.6841996297864211,-0.2364738099164144,-0.1005220356545615,-0.5835473623245933,-0.2817815007773022,-0.433980311990366,0
2,3,2.2708907611340634,-0.2547655579947029,-0.2183775349397949,-0.5231931469270477,-0.0617663951439691,-0.0875394258329657,-1
2,3,-0.9100180638975386,0.6336714208892767,0.376792736450634,-0.4795238852742161,0.5724811543652771,-0.4612842508175102,-1
1,3,1.2120110448819328,-0.5890303173216479,-0.6318188355573684,-0.1309937403846355,-0.5615719210965266,-0.0680366123850056,0
1,3,-0.532626122016459,-0.2863357602335266,-0.3100312312589363,-0.415049928211309,-0.1798488588918876,-0.1400197238383856,0
2,3,-0.6248195023293311,3.264837761128411,1.990360795414714,-0.0939160653963823,3.11639270462905,-0.0655544361279925,-1
2,3,-0.5205287059033633,0.560504428576123,0.2668293464925367,-0.624950766061476,0.9837772669934624,-0.0861210394003867,-1
1,3,0.1406385721208538,-0.5184377191824755,-0.6632820447415513,-0.510009973597891,-0.556747948332402,-0.3861097698908276,0
1,3,-0.4635996889005606,-0.0591116007721214,0.0093361261791739,-0.6062059414840814,0.0424733641503745,0.0277044718140712,-1
2,3,-0.2696456906951786,-0.3727812067072157,-0.0102363049521237,-0.6130035152319278,0.2545184278255888,-0.4609296542093654,-1
2,3,1.89302441077796,4.413424046014716,5.4346877620256615,0.0375036937286486,4.995854441121231,0.1745074675859891,-1
2,3,-0.3302909074189976,0.0608009699633249,-0.1480851478661021,0.2228920686699148,0.2501139309539968,-0.1988827607904106,-1
2,3,-0.2059168188837077,0.7865091381656424,0.8232756681178175,-0.0362396820813217,1.0057997513514223,-0.0815112834945053,-1
1,3,-0.5724764339184208,-0.6191100808281667,-0.4947065895139227,0.1343176228646432,-0.3428152431407912,-0.1347007747162146,0
2,3,-0.9421197040407856,2.054466016066555,3.985696489563461,-0.6253627402280122,4.477801713843506,-0.0361229176519799,-1
1,3,-0.9481288780577484,-0.5775132907538366,-0.0562209952982371,-0.59673053565375,0.123012735516628,-0.5311397826220218,-1
2,3,0.6256421697530647,0.1304451070910305,0.579883016468938,-0.3740584986409624,0.4739043196201231,-0.2449803198492254,-1
1,3,-0.7554399691190952,0.198327816626012,-0.4165220931130937,0.5763659035579292,-0.4390849604770161,0.5567626111660071,-1
1,3,-0.2884638935377717,-0.4032674535043631,-0.7006380288899958,-0.4723143373598335,-0.4667703693841658,-0.4896519794690885,0
1,3,0.3719917717739104,-0.509359592358436,-0.4997575394832898,1.5595422519964444,-0.5800288603679598,-0.0566895209243742,-1
1,3,0.4973937453384175,-0.6138257980499944,1.3775121991315002,0.4739903231736965,0.2708779876343591,4.59100822202859,-1
1,3,-0.599359580836411,-0.0890558698484306,-0.5566859547630321,1.194739127528686,-0.3272946351170861,-0.4765319049677335,-1
2,3,0.6245352166446769,-0.0629054448179886,0.0801546538746758,1.0423086859103117,-0.4441186711874069,-0.310935288964145,-1
2,3,-0.3012729223634023,0.0740794241238602,0.1939062563097985,-0.3680848732261882,-0.2056466262826407,0.0904680714556883,-1
1,3,0.663990188150786,-0.6313045795470256,-0.8363823093167378,0.2750068007367374,-0.60372924829605,-0.1949821981008186,0
1,3,-0.8921486780049922,-0.2993432255336429,-0.1493478853584439,0.9183044617829312,-0.493407088559984,-0.2237045233605416,-1
2,3,0.0161854155063934,0.9350110336753026,2.166512675596393,-0.4537754998657068,1.9196279832336267,-0.1829259134238978,-1
1,3,-0.0975935504200414,-0.6261557911990628,-0.6191914606339506,-0.2010293486957806,-0.541227340308697,-0.4814962574817597,0
1,3,-0.819168840930566,-0.3437853986423733,-0.4520891991473874,-0.4539814869489749,-0.3522534507227741,0.0454343022213077,0
1,3,-0.3949685961805151,-0.6730368640515652,-0.5200665674851203,-0.5442038294203912,-0.4764183149124149,-0.3531322853333677,0
2,3,-0.9315245814319308,0.5072551175037723,0.6789026814934065,-0.5744839306607981,1.0353728017749686,-0.4853968201713518,-1
2,3,-0.1295370544049474,0.4655228329992327,0.3217584274094044,-0.4809657948570926,0.1374846538090017,0.2897513652330261,-1
1,3,0.7016265938359723,-0.5735839522777598,-0.6490762479527061,-0.1548882420437321,-0.489002591688392,-0.2669653095541986,0
2,3,-0.0105395952532556,-0.3345717773881243,-0.3301298030120431,-0.3901254911358721,0.2004060376888873,-0.4981622980645619,-1
2,3,0.3254997412216215,5.474074445695026,8.926367384599427,-0.4214355277926193,7.958612670078775,0.503218523336153,-1
2,3,0.8637952242147895,9.173207884845784,2.542597992065522,-0.4294690240400742,3.6050821194294937,-0.2205131538872391,-1
1,3,2.472039954543966,-0.1045022348923186,0.0174386917550337,0.6674121943624176,-0.2731822449803845,4.548102032443078,-1
1,3,-0.3270491161730046,-0.7119237655217042,-0.4113659150193647,1.3725059803890336,-0.5697517010009118,-0.5244024470672719,-1
1,3,1.0202709528933265,-0.2656051124114664,-0.2758320908413463,0.0764352524663145,-0.5091374345299554,0.5861941296420196,-1
1,3,-0.047069047830054,-0.7046070662903888,-0.6643343259851694,0.0566604924725794,-0.5898865438424752,-0.413059112109827,0
1,3,0.0595937909710304,-0.4111261304565166,-0.57047083905443,1.1578674396237008,-0.472852769825888,-0.1446294797442671,-1
2,3,-0.2215722985594785,2.936941240021315,2.534179742116577,0.0329719778967509,3.3609471499755386,1.2783667087405306,-1
1,3,-0.0542642430345749,-0.3666839573477862,-0.6197176012557596,6.578623522906326,-0.5894670679499426,0.4159877577325496,-1
2,3,-0.5040034773567165,0.8703801904653501,0.3548000584590145,-0.5903449360724397,0.4523013111546958,-0.4541923186546155,-1
1,3,-0.9486032865327716,-0.3897180104834087,-0.1788117601797523,-0.5421439585877105,-0.5575869001174673,-0.2893048958673165,0
2,3,-0.9470219249493604,-0.43090831726711,0.0175439198793955,-0.6029101481517921,0.2081663417007398,-0.4637664270745232,-1
1,3,-0.9169760548645478,-0.7509461614220528,-0.7725088378291158,-0.4733442727761738,-0.5930326130364695,-0.5183743047288115,0
1,3,-0.909069246947492,-0.7701863705118082,-0.7548305129363309,-0.4484198357007369,-0.5926131371439368,-0.4939071387668252,0
1,3,-0.1852009821410212,-0.4897128999780521,-0.6358175042831173,0.5287828873230042,-0.5592648036875976,-0.426179186611182,0
2,3,-0.0321251808668183,0.2686494259047653,0.4411923485600651,0.0370917195621124,1.0808859361147525,0.533359235028455,-1
2,3,-0.836563818348089,0.6793330438698931,0.8750479053038307,-0.3046408515796216,0.8147284823028366,0.1110346747280826,-1
2,3,-0.7170128826422033,0.0897967780281673,-0.0288616829641651,-0.1052453549761263,0.3547731661408732,-0.0492429921533349,-1
1,3,3.485455525273025,-0.310589263241035,0.1004636818765062,3.080756861931168,-0.2939463016607468,0.3450684361036037,-1
1,3,0.1660194255346033,-0.4964876214885293,-0.4741871052633686,-0.3575795319795165,-0.2916391842518177,-0.3463949497786179,0
1,3,0.2835936592612251,-0.6479703944627995,-0.4189423399734154,-0.4453300294517158,-0.5752048876038351,-0.0520797650184927,0
2,3,-0.83387550365629,0.073266457542603,0.2896638494790506,-0.605381993151009,0.8281517108638787,0.1085524984710694,-1
2,3,-0.2532785983068728,0.6571119573155279,0.7297278655601634,-0.123784192470253,1.2767811779274627,-0.030803968529809,-1
2,3,-0.8277872615601569,0.3523849837742635,-0.1021004575199887,-0.5818994656584486,-0.0789649067378045,-0.1024324833750443,-1
2,3,-0.8376707714564768,1.481324576280184,2.213444419061763,-0.4941489681862493,-0.4290175390562344,-0.5396501012174953,-1
1,3,-0.014413931132613,-0.5620669257099487,-0.6584415510209077,-0.1639516737075273,-0.5689127492158467,0.0433067225724393,0
2,3,0.0457568771161825,0.7205233506535945,1.0120549232229146,-0.4669586731948636,0.7499194569065544,-0.0020816432700859,-1
1,3,0.5570901451121898,-0.4100421750148403,-0.5768897546405006,1.1908253729465923,-0.503055034088233,0.4195337238139969,-1
1,3,0.1927444362942524,-0.4744020293643736,-0.6543376541707969,0.0305001328975341,-0.481661763569072,0.0128114142719926,0
1,3,0.4778639297832893,-0.6390277620689696,-0.6262417449661922,-0.1064812774757348,-0.5796093844754272,-0.0917945851307024,0
1,3,-0.0684964972852756,-0.6779146635391087,-0.5222763580967184,-0.073523344152843,-0.5464707889653542,-0.3244099600736447,0
1,3,-0.0654128421976238,-0.4437802881370167,-0.483657636455932,-0.3202958699079952,-0.5393396987923005,-0.4619934440337996,0
1,3,-0.3961546173680735,-0.2596433574822465,-0.2705706846232555,-0.2935175490831456,-0.5374520572759038,-0.1293818255940437,0
1,3,0.6363954285202608,-0.5291417791690294,-0.588149163947215,0.4678107106756543,-0.5181561662194056,-0.2098752556428972,0
1,3,-0.2958962929798043,-0.467762802284106,-0.6107732106850053,0.1697474011867518,-0.5485681684280169,-0.3155450448700265,0
1,3,0.4079677477965149,-0.6227684304438242,-0.4776596333673085,-0.134907494966729,-0.5678640594845152,-0.1378921441895172,0
1,3,-0.6309868125046347,-0.3471727593976119,-0.6790662633958235,-0.1394392107986266,-0.5489876443205496,-0.4502917559650236,0
1,3,0.0167388920605873,-0.7581273662231587,-0.8109171032211785,-0.2226579924389283,-0.5991150134781917,-0.2357608080374624,0
2,3,-0.0656500464351355,0.6737777722313018,0.0907826944352192,-0.1808426145355094,-0.1899162803126693,-0.4900065760772332,-1
1,3,1.9015637633283808,-0.5628798922912058,-0.5251175174544874,0.3532818923786054,-0.4994894890017062,0.0340872107606763,-1
1,3,5.0790726609556485,-0.3147895905775308,-0.089367854472209,2.773836107861738,-0.441182339939679,-0.2151942047650681,-1
1,3,0.5707689228086966,-0.5360519951097161,-0.662229763497933,1.0552858721562002,-0.5311599188879154,-0.3694437293080253,-1
2,3,0.7483558286257729,0.1960244113124498,0.2876645151161762,-0.451509641949758,-0.1039237223434924,0.4340721847479308,-1
1,3,-0.937770959686405,0.4133574773685583,-0.4344108742546023,-0.6035281094015964,-0.381616763200054,-0.5396501012174953,-1
1,3,2.3966880750944237,-0.6598939043212393,-0.6778035259034818,-0.2788924661711124,-0.518365904165672,0.1042973391733327,-1
1,3,-0.3835827927799546,-0.4563812701465043,-0.7631435347609142,0.6682361426954899,-0.5215119733596661,-0.2176763810220812,-1
1,3,-0.7827184564329381,-0.7055555273018557,-0.8036563626402132,-0.5615067444149093,-0.5896768058962089,-0.4307889425170634,0
1,3,0.2295110931085625,-0.5100370645094837,-0.5758374733968825,-0.5141297152632525,-0.4040587234505465,-0.4244062035704583,0
1,3,-0.2029122318752265,-0.6441765504169322,-0.7067412601029811,-0.5429679069207828,-0.5506655478906798,-0.4002936342166168,0
1,3,-0.3646855218581909,-0.5303612290409153,-0.6079320513272363,-0.4844675752726498,-0.5945007786603335,-0.3502955124682099,0
1,3,-0.4507115919957594,-0.6107094261551749,-0.5640519234683592,-0.3917733878020167,-0.5626206108278581,-0.4251153967867478,0
1,3,-0.5831506246064463,0.3770449700724005,-0.0969442794262597,0.3096126307257738,-0.091129707621249,0.0060740787172427,-1
1,3,-0.7047573303707666,0.3094332493978381,0.0348013322747333,-0.4966208131854662,-0.4531374028768572,-0.5279484131487192,-1
1,3,0.1215040969615784,-0.2085619572932484,-0.3069796156524437,-0.6008502773191114,-0.5521337135145439,0.6191716141994794,-1
1,3,-0.5229007482784801,-0.1107349786819576,-0.4849203739482738,-0.4628389315295021,-0.4707553903632251,-0.2112936420754761,0
1,3,0.4445762684524839,-0.2054455853984289,-0.0680065452267605,-0.1633337124577231,-0.403010033719215,0.3869108358646818,-1
1,3,1.4531686863521385,1.0102104424415994,-0.2906692563763622,-0.5666564214966112,-0.5936618268752683,-0.0265488092320723,-1
1,3,1.979524889390552,0.1836944181633813,0.0317497166682406,-0.0158469608377824,-0.6001637032095232,-0.5396501012174953,-1
1,3,-0.1261371270006133,-0.5691126360808448,-0.7213679693892735,1.102662901307857,-0.520673021574601,-0.4279521696519056,-1
1,3,0.5397742357738373,-0.2871487268147839,-0.627504482458534,-0.6084717994000302,-0.4961336818614457,-0.4694399728048389,0
2,3,0.7937409060696738,0.3506235561815394,2.8243989091064643,-0.6241268177284037,2.0364520193039475,1.0301490830392204,-1
1,3,-0.3345605836942077,-0.5230445298095999,-0.6076163669541508,-0.4420342361194267,-0.58904759205741,-0.3563236548066703,0
1,3,-0.2211769581636257,-0.3283390335984852,-0.5518454610423885,-0.3678788861429202,-0.3774220042747283,-0.354196075157802,0
1,3,-0.4804411897638898,-0.7062329994529034,-0.7796643502857193,0.2018813861765713,-0.5450026233414901,-0.386818963107117,0
1,3,1.56647324380355,-0.5911982282050006,-0.6629663603684658,-0.4679886086112039,-0.5806580742067586,-0.0300947753135195,-1
1,3,0.3340390937720419,-0.5380844115628594,-0.6509703541912188,-0.457071293197996,-0.5687030112695803,-0.1623593101515035,0
1,3,-0.8469217367194323,-0.3344362829579148,-0.6239267262302323,-0.5233991340103158,-0.5508752858369461,0.0883404918068199,0
1,3,0.5408021208030546,-0.5995988828779922,-0.5068078238155315,-0.014611038338174,-0.5305307050491165,-0.4754681151432993,0
1,3,-0.6750277326026363,0.4679617327430045,-0.5875177952010441,-0.4723143373598335,-0.5410176023624307,0.0362147904095447,-1
1,3,-0.8996601455261953,-0.7779095530337521,-0.8222817406522546,-0.6173292439805573,-0.6028902965109848,-0.5378771181767716,0
2,3,-0.7915740813000407,0.6630737122447479,1.211041306391108,-0.5847832848242017,1.8237777417899343,0.2227326062936722,-1
2,3,-0.646009747547041,-0.0684607164565799,0.7264657937049471,-0.5674803698296835,0.799627350171664,0.5876125160745985,-1
1,3,0.4564364803280678,-0.60027635502904,-0.5763636140186916,0.0630460920538897,-0.4342609877128915,-0.3924925088374327,0
2,3,-0.722626716263313,0.1048366597814267,0.1753861064221189,-0.4412102877863544,0.2354322747153569,0.0557176038575048,-1
2,3,-0.9207713226647348,0.2584873436390495,0.708261328190353,-0.5507954160849695,1.0896949298579364,-0.4332711187740766,-1
2,3,-0.8124480542010684,-0.2906715820002321,0.5125370168773761,-0.4630449186127702,0.3235222121471967,0.2241509927262511,-1
1,3,0.0342920056364514,-0.7121947543821233,-0.8069184344954295,-0.4078403802969265,-0.60372924829605,0.2511003349452506,0
1,3,0.2511757468012957,-0.5111210199511601,-0.4357788398713059,-0.0838226983162467,-0.5556992586010707,-0.3244099600736447,0
2,3,-0.5115149448779196,1.3454236627800111,1.9907817079121608,-0.1452068491301326,2.2745045883161814,-0.3825638038093803,-1
2,3,-0.5357888451832813,0.2448024061878856,0.0665802258320016,-0.1095710837247559,0.1662187524474828,-0.4563198983034839,-1
2,3,0.2858075654780007,0.9290492787460826,1.2529220998871105,0.2787145682355628,0.8864588599259061,0.302871439734381,-1
2,3,-0.5675742130098461,0.1252963187430678,0.1282439067080255,-0.4282331015404658,0.4386683446473872,0.7489539727804502,-1
1,3,-0.7174872911172266,-0.3524570421757841,-0.49281248327541,-0.549353506502093,-0.2519987124074898,-0.2949784415976322,0
1,3,-0.4895340188685041,-0.6857733404912623,-0.7521998098272854,-0.3458382682332363,-0.5877891643798123,-0.3885919461478407,0
1,3,-0.520765910140875,-0.688212240235034,-0.6099313856901107,-0.1386152624655543,-0.5898865438424752,-0.2747664349333826,0
2,3,-0.9282827901859378,0.3900524353725167,0.57651571648936,-0.4028966902984927,0.8669532309231416,-0.426179186611182,-1
2,3,-0.9330268749361714,2.7187952073839488,1.2485025186639145,-0.4986806840181469,1.235672540459271,1.6755149098626272,-1
1,3,-0.8733304751623991,-0.0429877635771857,-0.1489269728609966,-0.5641845764973943,-0.0087026947385989,-0.290014089083606,-1
2,3,-0.9081994980766156,0.2548289940233919,1.2473450092959344,-0.4397683782034778,1.458623977340332,-0.2868227196103035,-1
1,3,-0.9262270201275032,-0.621684475002148,-0.2851973939095478,-0.1147207608064577,-0.5722685563561072,-0.0293855820972301,0
2,3,-0.7635839812736628,0.2775920582985953,0.4127807549823749,-0.6220669468957231,0.2757019603984836,0.0610365529796757,-1
1,3,2.6598266425740444,0.1574084987027298,-0.1489269728609966,0.8849345542935033,-0.2830399284548999,-0.4591566711686418,-1
1,3,0.0599891313668832,0.2078124267406801,-0.3596989059577133,-0.2718889053399979,-0.6001637032095232,0.3922297849868527,-1
1,3,-0.0789334837357894,0.1732613470372464,-0.3163449187206453,-0.395481155300842,-0.5791899085828947,-0.4006482308247615,0
1,3,-0.6992225648288274,-0.1230649718310261,-0.5736276827852844,0.2894258965655026,-0.5471000028041529,0.226987765591409,-1
1,3,0.0281246954611478,0.0324826340495302,0.0984643475136317,-0.5499714677518972,-0.3145006203948427,0.4500290321144436,-1
1,3,7.918723656287116,3.228931737122882,1.0729820072284058,2.816475434098229,0.4334248959907301,2.4910871085955044,-1
1,3,-0.8939672438259151,0.3708122262827615,0.2700914183477529,-0.5415259973379063,0.8443015327263828,-0.4853968201713518,-1
1,3,1.9645810224273164,5.16961846101418,1.285753274687997,6.892753824890138,-0.5542310929772066,16.45971129324082,-1
1,3,-0.9229852288815104,-0.6609778597629157,-0.341073527945672,-0.6175352310638254,-0.5343059880819095,-0.5368133283523374,0
1,3,-0.3028542839468135,0.0883063392958623,-0.7168431600417154,-0.1835204466179943,-0.5921936612514043,-0.4531285288301814,0
1,3,-0.7109246405460702,-0.7147691485561046,-0.7468331754848329,0.0819969037145525,-0.4053171511281442,-0.2829221569207114,0
1,3,-0.7560725137524597,0.2988646838414937,0.1965369594188438,0.6585547497818904,0.1211250940002315,-0.5396501012174953,-1
2,3,-0.3131331342389862,0.2496802056754292,0.3931030957267153,-0.0646658995723158,0.8300393523802754,-0.3974568613514589,-1
2,3,-0.8828977127420368,0.7832572718406133,0.3757404552070158,-0.5761318273269426,0.2402562474794815,0.1174174136746877,-1
1,3,0.3902564980623096,0.0614784421143726,-0.6282410793290667,0.8775190192958527,-0.5796093844754272,-0.5180197081206668,-1
1,3,0.1283830198494171,-0.7453908897834616,-0.691377953946156,-0.4494497711170773,-0.5953397304453986,-0.5109277759577723,0
1,3,-0.5132544426196719,-0.5874043841591333,-0.5998294857513765,-0.5201033406780265,-0.5651374661830535,-0.3956838783107352,0
2,3,-0.9346082365195826,-0.3131636574150163,1.2985911058601385,-0.4352366623715802,0.5739493199891411,-0.3045525500175399,-1
1,3,-0.386903652105118,-0.6482413833232186,-0.5237495518377838,-0.4667526861115955,-0.5299014912103176,-0.1357645645406488,0
1,3,0.3971354209501482,-0.0890558698484306,-0.2863549032775278,0.9920478375929016,-0.5351449398669748,0.08160315625207,-1
1,1,1.4725403657489256,0.1914176006853253,-0.3213958686900124,3.221446039803262,-0.4443284091336733,0.4791059539823113,-1
2,1,-0.7569422626233357,0.1762422245018564,0.2567274465538023,-0.4006308323825439,0.3004510380579053,-0.0201660702854671,-1
1,1,-0.0248509175831268,-0.4935067440239193,-0.1186212730447938,0.0937381674608327,-0.480193597945208,-0.2935600551650533,0
1,1,-0.1842521651909745,-0.4764344458175168,-0.6144561950376688,-0.5256649919262646,-0.5200438077358022,-0.4176688680157085,0
2,1,-0.7063386919541778,1.0085845092790848,1.5969128384258855,0.1790168199338151,1.484421744731085,-0.2815037704881325,-1
2,1,-0.5942992237694952,1.1656225538919465,1.7632785030419158,0.0982698832927303,2.3812612029657205,0.0553630072493601,-1
1,1,1.0439123085653237,0.7710627731217544,0.1619169065038065,0.4105463015271299,-0.5447928853952239,1.889691261182044,-1
1,1,-0.9027438006138472,-0.6925480620017395,-0.60351247010404,-0.5361703331729363,-0.4042684613968128,-0.5343311520953243,0
1,1,-0.7941833279126692,-0.6646362093785734,-0.2867758157749751,-0.347898139065917,-0.6033097724035174,-0.0698095954257292,0
2,1,-0.861312127128474,0.8014135254886922,1.646264828751577,-0.4360606107046526,1.3388636100222833,-0.2889502992591718,-1
1,1,-0.4449396222163086,-0.6796760911318328,-0.7367312755460985,-0.4519216161162942,-0.5439539336101588,-0.4396538577206817,0
2,1,-0.747928501597892,-0.1435246307926673,-0.1959639444507282,-0.025940327917918,0.510608460216723,-0.4981622980645619,-1
1,1,-0.8273128530851336,-0.2775286222699063,-0.2223762036655439,-0.249848287430314,0.1047655341914612,-0.2549090248772778,0
2,1,-0.5100126513736789,0.939346855442008,0.9276619674847384,-0.4548054352820472,2.000586830492413,-0.2581003943505804,-1
1,1,0.5192165351894918,-0.5285998014481913,-0.6901152164538142,-0.2617955382598623,-0.5531824032458752,0.2039389860620016,0
2,1,0.0093855606977253,3.052653483420265,3.340227174728084,0.3427765511319336,3.4666550748937457,0.476978374333443,-1
1,1,-0.3723551255377351,-0.6482413833232186,-0.6197176012557596,-0.3668489507265798,-0.5540213550309404,0.0886950884149646,0
1,1,-0.6865716721615379,0.1091724815481321,-0.1147278324434066,-0.359021441562393,0.2264135430259066,-0.1098790121460836,-1
2,1,-0.7620816877694221,0.1022622656074454,0.3591144115578489,-0.4447120682019116,0.6450504837734118,-0.2602279739994487,-1
1,1,-0.7269754606176938,0.6732357945104637,0.7983366026440671,-0.3497520228153297,0.617994288705061,0.3060628092076836,-1
2,1,-0.748640114310427,1.463710300352943,3.00265535177538,-0.5959065873206777,2.186834126776874,-0.301715777152382,-1
1,1,0.4778639297832893,-0.5855074621361998,-0.6214012512455487,-0.1112189803909005,-0.5770925291202318,-0.1300910188103332,0
2,1,-0.9474172653452132,0.2313884575971408,0.7632956372315826,-0.3680848732261882,0.401754466104521,1.7187756960562843,-1
1,1,-0.6203126218166092,-0.7356352908083744,-0.6904309008268997,-0.1577720612094851,-0.5863209987559483,-0.4946163319831147,0
1,1,0.2178090173913197,-0.663552253936897,-0.6912727258217942,-0.269211073257513,-0.5926131371439368,-0.2751210315415274,0
1,1,-0.522189135565945,0.2312529631669312,0.2835606182660654,-0.6140334506482682,0.2696195599567614,-0.4559653016953392,-1
1,1,-0.5502583036714936,-0.6342854570116355,-0.536166470512478,0.9113009009518168,-0.5506655478906798,-0.4077401629876561,-1
2,1,-0.7282405498844227,-0.4429673215557594,-0.2826719189248643,0.5232212360747661,-0.4390849604770161,-0.0584625039650979,-1
1,1,-0.3736992828836347,-0.6960709171871876,-0.6789610352714618,-0.4712844019434931,-0.5896768058962089,-0.307034726274553,0
1,1,0.053742753112409,-0.345953309525726,-0.3992646807177559,-0.4968268002687342,-0.4447478850262058,-0.2620009570401724,0
2,1,0.6943523305522808,0.0169007745754327,0.1326634879312218,-0.2704469957571214,-0.0657514161230285,0.0099746414068347,-1
1,1,-0.6292473147628824,-0.4867320225134421,-0.6722264353123056,-0.1618918028748466,-0.5491973822668158,-0.2963968280302111,0
1,1,-0.8010622508005079,-0.7071814604643701,-0.7765075065548648,-0.4370905461209929,0.394413637985201,-0.4687307795885495,-1
1,1,-0.2644271974699216,-0.4132940413398693,-0.5735224546609226,0.7772033097443009,-0.4588003274260469,-0.1932092150600949,-1
2,1,-0.0733987181938503,0.0261143958296817,-0.2458420753982288,1.0812402446479774,-0.4040587234505465,0.2170590605633565,-1
1,1,-0.7635049131944922,0.6614477790822333,-0.4338847336327933,-0.3363628624029049,-0.2759088382818462,-0.3669615530510122,-1
1,1,1.103924980655778,-0.5441816609222888,-0.4328324523891751,-0.5013585161006319,-0.5447928853952239,-0.2449803198492254,0
1,1,-0.8726188624498641,-0.1100575065309099,-0.4877615333060429,-0.4397683782034778,-0.5185756421119382,-0.5382317147849164,0
1,1,0.284858748527954,-0.4191203018388797,-0.4333585930109842,0.2447266994963306,-0.5361936295983062,0.3681172156330112,-1
1,1,-0.8035133612547952,0.0790927180416133,-0.5395337704920561,-0.3818860078051492,-0.349317119475046,-0.4361078916392344,0
1,1,-0.2660876271325034,-0.674256313923451,-0.5160678987593713,-0.1565361387098767,-0.5173172144343405,-0.4609296542093654,0
1,1,0.5291000450858118,-0.2653341235510473,-0.7742977159432667,0.3217658686385902,-0.5984857996393929,-0.1098790121460836,-1
1,1,-0.3666622238374549,-0.7210018923457436,-0.7751395409381612,-0.403720638631565,-0.5892573300036763,-0.464121023682668,0
1,1,2.806339793277091,-0.4375475443473777,-0.4390409117265222,0.447212002348847,-0.4306954426263647,0.2581922671081452,-1
1,1,0.7982477865823958,-0.3009691586961574,-0.0957867700582798,1.7200061898622736,-0.532418346565513,0.3684718122411559,-1
1,1,1.0222476548725905,-0.5413362778878884,-0.5762583858943298,-0.1763108987036117,-0.5179464282731393,-0.1694512423143981,0
1,1,0.4922543201923312,-0.6960709171871876,-0.5300632392994927,0.1400852611961492,-0.4814520256228057,-0.3357570515342761,0
1,1,-0.0624873232683131,-0.3008336642659479,-0.2980352250816894,-0.5172195215122736,-0.2515792365149572,0.3096087752891309,-1
1,1,-0.4584602637544743,0.2681074481839272,0.3015546275319358,-0.3890955557195318,0.0548479029800854,0.1578414270031868,-1
2,1,-0.7067340323500306,0.0484709768142564,0.6276565849292023,-0.5854012460740059,1.2692306118618766,0.4464830660329963,-1
1,1,-0.2463206073398635,-0.4563812701465043,-0.649707616698877,-0.2667392282582961,-0.5141711452403462,-0.3244099600736447,0
1,1,0.1240342754950363,-0.7384806738427748,-0.7852414408768955,-0.204943103277874,-0.5951299924991322,-0.307034726274553,0
1,1,0.2902353779115521,-0.0700866496190945,-0.583519126475295,-0.5176314956788097,-0.4864857363331966,-0.3378846311831444,0
1,1,-0.3131331342389862,-0.2711603840500577,-0.6188757762608651,0.6731798326939237,-0.411819027462399,-0.4375262780718133,-1
1,1,-0.6965342501370284,-0.5153213472876559,-0.6473925979629171,-0.2764206211718955,-0.5552797827085381,-0.2889502992591718,0
2,1,-0.4638368931380723,2.349030907342104,2.6974937911261145,0.7568105885007615,3.2955089107404576,1.275175339267228,-1
1,1,-0.4251726024236688,-0.5333421065055253,-0.3379166842148174,0.9498204855229464,-0.5613621831502603,0.0596181665470968,-1
1,1,1.3857236148196517,0.2933094122029024,0.9486023642327398,-0.5437918552538551,-0.5282235876401873,-0.0474700091126113,-1
1,1,-0.1281928970590479,1.649744153030647,-0.337074859219923,0.33247719696853,-0.2798938592609057,0.617044034550611,-1
1,1,1.5508177641277794,-0.7191049703228101,-0.679381947768909,0.0350318487294317,-0.5810775500992912,-0.3226369770329211,-1
1,1,-0.0718173566104391,-0.1068056402058809,-0.2843555689146533,-0.5394661265052255,-0.522141187198465,-0.4084493562039455,0
1,1,-0.2787385197997929,-0.5237220019606477,-0.6385534355165245,0.3979810894477774,0.1492299787999137,-0.1907270388030818,-1
1,1,3.485534593352196,-0.1671006616491279,-0.6131934575453271,0.6900707735219057,-0.4512497613604607,0.6369014446067158,-1
1,1,3.2579766614993257,-0.1134448672861485,-0.0647444733715442,-0.0123451804222251,-0.4015418680953511,-0.2506538655795411,-1
1,1,-0.2219676389553313,-0.1234714551216548,-0.6097209294413871,-0.5654204989970028,-0.4407628640471464,-0.3463949497786179,0
1,1,-0.327523524648028,-0.6349629291626833,-0.7215784256379971,0.7716416584960629,-0.5940813027678008,-0.4389446645043922,-1
1,1,0.8900458264994151,-0.5994633884477827,-0.6602304291350586,-0.4304989594564146,-0.5143808831866125,-0.3084531127071319,0
1,1,-0.778606916316069,-0.6342854570116355,-0.1333532104554479,0.2579098728254873,0.0026231543597804,-0.3949746850944458,-1
2,1,-0.8640004418202731,0.5260888433028988,0.7885503870784183,-0.6202130631463103,0.6498744565375364,-0.0921491817388471,-1
1,1,-0.4816272109514481,2.402415712844664,0.6048220819426884,1.4590205553616244,-0.4302759667338321,0.7485993761723054,-1
2,1,-0.9036135494847232,0.5374703754405006,1.49747226090397,-0.1752809632872714,0.4195821915371552,0.3681172156330112,-1
1,1,0.7031288873402128,-0.6197875529792143,-0.5656303453337864,0.1860203807649296,-0.4497815957365966,0.7457626033071476,-1
2,1,-0.0072978040072627,0.3057748997821804,1.2517645905191306,-0.4125780832120921,0.7325112073664527,-0.2932054585569086,-1
1,1,0.2544175380472886,-0.7504041837012146,-0.7169483881660772,-0.1145147737231896,-0.5345157260281759,-0.4683761829804047,0
1,1,-0.5756391570852432,-0.6455314947190277,-0.7341005724370532,0.5001506827487419,-0.5630400867203906,-0.5208564809858247,0
1,1,-0.7841416818580081,-0.1069411346360904,-0.6722264353123056,-0.4020727419654204,-0.573526984033705,0.0089108515824006,0
1,1,-0.9081994980766156,0.3423583959387573,-0.1138860074485121,-0.523811108176852,-0.5848528331320844,-0.1719334185714112,-1
1,3,1.9622089800522,-0.3727812067072157,-0.6795924040176327,0.3563716986276265,-0.560313493418929,0.1060703222140563,-1
1,3,-0.8781536279918032,-0.5546147320484237,-0.6429730167397208,-0.4795238852742161,-0.4451673609187384,-0.1318640018510568,0
1,3,-0.8950741969343029,-0.5672157140579113,-0.8132321219571385,-0.4552174094485834,-0.5842236192932855,-0.4063217765550772,0
1,3,1.2572379861674927,-0.2773931278396968,-0.1038893356341396,0.2898378707320387,-0.4778864805362788,0.3468414191443274,-1
1,3,-0.2324046254058451,-0.6730368640515652,-0.7648271847507033,2.852317186586874,-0.4741111975034857,-0.4914249625098121,-1
1,3,-0.0242974410289329,-0.4714211518997637,-0.5691028734377264,0.5712162264762273,-0.5468902648578867,-0.0410872701660061,-1
2,3,0.4237813636306267,0.0547037206038954,0.1833834438736169,-0.3664369765600437,0.1548929033491034,0.0695468715751492,-1
1,3,-0.6826973362821805,-0.3945958099709523,-0.5808884233662497,-0.4315288948727549,-0.5693322251083792,-0.1492392356501485,0
2,3,0.0187946621190218,0.1777326632341614,-0.1806006382939032,-0.4076343932136584,-0.116088523226937,0.1964924572909623,-1
1,3,2.930476677574869,-0.2481263309144352,-0.3892680089033835,0.5969646118847365,-0.386021260071646,-0.0428602532067298,-1
1,3,1.088506705217519,-0.2958203703481947,-0.6248737793494886,1.4895066436852993,-0.5385007470072353,-0.0499521853696244,-1
1,3,4.502982636118953,-0.1876958150409786,0.4901234263883093,1.1576614525404327,-0.4468452644888687,0.3124455481542887,-1
1,3,2.233965968161412,-0.6986453113611689,-0.4578767459872872,-0.4181397344603301,-0.5129127175627485,-0.5343311520953243,-1
1,3,-0.3835827927799546,-0.4809057620144317,-0.7060046632324484,-0.2992851874146517,-0.3472197400123832,-0.4953255251994041,0
1,3,0.2651707968144847,-0.5005524543948157,-0.5391128579946088,1.0905096633950409,-0.5233996148760628,-0.1765431744772927,-1
1,3,0.3368064765430115,-0.7048780551508079,-0.7003223445169103,-0.4581012286143364,-0.511025076046352,-0.4492279661405894,0
1,3,2.434166344621268,-0.7466103396553475,-0.7871355471154082,-0.3468682036495767,-0.5976468478543278,-0.5329127656627455,-1
1,3,-0.7347241323764085,-0.4926937774426621,-0.5586852891259065,-0.5293727594250899,-0.4019613439878836,-0.0010178534456518,0
1,3,-0.472692518005175,-0.3309134277724666,-0.4935490801459427,-0.1163686574726023,-0.5598940175263963,-0.2974606178546453,0
1,3,-0.7244452820842359,-0.3672259350686244,-0.3811654433275236,0.1578001503572036,-0.4313246564651636,-0.1648414864085166,0
2,2,-0.6328844464047282,0.7190329119212895,0.4753914889776551,-0.4469779261178604,0.6440017940420804,-0.2779578044066852,-1
1,2,0.7331747574250255,-0.512611458683465,-0.1474537791199312,-0.4455360165349839,-0.4342609877128915,0.1167082204583982,-1
2,2,-0.348871906024079,-0.5283288125877722,-0.2859339907800806,-0.5468816615028762,-0.1412570767788912,-0.4506463525731683,0
1,2,0.5603319363581827,-0.6086770097020318,-0.4533519366397291,-0.0055476066743787,-0.4554445202857863,-0.2222861369279627,0
2,2,-0.3091797302804582,-0.3519150644549459,-0.1015743168981796,-0.3330670690706158,0.1741887944056016,-0.3524230921170783,-1
2,2,-0.4144984117356433,-0.1675071449397566,0.2119002655756689,-0.4403863394532821,0.3474323380215532,-0.1729972083958454,-1
1,2,-0.9137342636185548,-0.666262142541088,-0.6199280575044832,-0.5783976852428914,-0.5435344577176261,-0.4488733695324446,0
2,2,0.3516712754270766,0.0605299811029058,-0.1674471227486762,-0.4630449186127702,-0.0460360491739977,0.1702523082882523,-1
2,2,-0.5311238285122183,1.0188820859750105,1.3098505151668527,-0.2601476415937177,1.2312680435876788,-0.4797232744410361,-1
2,2,-0.7206500142840491,-0.066970277724275,0.1929592031905421,-0.557798976916084,0.7035673707817054,-0.3439127735216048,-1
2,2,-0.7433425530059995,-0.2856582880824789,0.6185017381097243,-0.5314326302577707,1.5074929188203765,-0.5197926911613905,-1
2,2,-0.9361105300238232,0.2254267026679208,1.7701183311254338,-0.5056842448492614,1.8669837587207887,0.3138639345868676,-1
2,2,-0.9296269475318374,0.9678006857860122,0.0947813631609682,-0.468194595694472,0.2155071698200598,-0.4658940067233916,-1
2,2,-0.4374281546951055,0.958045086810925,1.4330726487945389,-0.2537620420124074,0.9808409357457344,0.0064286753253875,-1
1,2,0.4211721170179983,-0.4636979693778197,-0.5376396642535435,-0.3960991165506463,-0.5307404429953827,-0.212712028508055,0
1,2,-0.3963918216055851,-0.6471574278815422,-0.5202770237338439,-0.5470876485861442,-0.5504558099444136,-0.3080985160989872,0
2,2,-0.8762559940917097,2.013275709282853,0.5909319695269287,-0.331007198237935,0.8315075180041394,-0.2549090248772778,-1
1,2,-0.3926756218845689,-0.5832040568226374,-0.5836243545996569,1.956273374370754,-0.5416468162012296,-0.1446294797442671,-1
1,2,1.3943420354492424,-0.4689822521559919,0.0345908760260096,-0.0053416195911106,-0.5265456840700571,-0.4992260878889962,-1
2,2,-0.779872005582798,-0.2790190610022113,1.180735606574905,-0.370350731142137,2.986355177943953,-0.4903611726853779,-1
1,2,-0.1752384041655307,-0.6600293987514488,-0.5836243545996569,0.2832462840674604,-0.5659764179681186,-0.4353986984229449,0
1,2,-0.1093746942164548,-0.5421492444691456,-0.0320185266950195,-0.3272994307391097,-0.4246130421846424,-0.1034962731994785,0
2,2,-0.831898801677026,1.2446158067041104,0.4180421612004656,-0.4964148261021981,0.2117318867872667,0.7032110103297802,-1
1,2,-0.3853222905217069,-0.5990569051571542,-0.6050908919694672,-0.0809388791504936,-0.5869502125947471,-0.1651960830166614,0
1,2,-0.8553820211906821,-0.3669549462082053,-0.1933332413416828,-0.4313229077894869,-0.4321636082502287,0.039760756490992,0
1,2,-0.0158371565576831,-0.4177653575367843,-0.4622963272104834,-0.1958796716140787,-0.4562834720708515,-0.5226294640265483,0
2,2,-0.1772151061447947,2.6116191130882,1.020052260674413,-0.4004248452992758,1.9980699751372173,0.0355055971932552,-1
1,2,-0.808573718321711,-0.2845743326408025,-0.5967778701448838,-0.5269009144258731,-0.5466805269116204,-0.2449803198492254,0
1,2,-0.2249722259638125,-0.5283288125877722,-0.2929842751123222,-0.0737293312361111,-0.5565382103861358,-0.146047866176846,0
1,2,0.3068396745373695,-0.6887542179558722,-0.4878667614304047,0.1299918941160136,-0.2960436811234097,-0.4595112677767865,0
1,2,0.1075090469483894,-0.6574550045774675,0.3832116520367047,-0.4443000940353755,-0.252208450353756,-0.3375300345749997,-1
1,2,1.1051110018433363,-0.2993432255336429,-0.5774158952623097,-0.1447948749635965,-0.5749951496575689,-0.1534943949478853,0
1,2,1.6380298554529062,1.4887767699417087,0.5971404288642758,11.905449496218708,-0.3375717944841341,1.448218484041856,-1
1,2,-0.5998339893114344,-0.5672157140579113,-0.6861165477280653,0.0877645420460585,-0.5231898769297965,-0.2449803198492254,0
1,2,-0.90598559185984,-0.663552253936897,-0.6615983947517622,-0.5474996227526804,-0.5859015228634157,-0.3556144615903809,0
1,2,0.3900192938247979,-0.4860545503623944,-0.4800798802276303,0.9840143413454469,-0.560313493418929,0.0032373058520849,-1
1,2,-0.5445654019712134,-0.5840170234038947,-0.3544374997396225,0.4233175006897504,-0.5011673925718365,-0.2786669976229747,0
1,2,-0.1747639956905073,-0.5433686943410315,-0.2990875063253075,0.1025956120413598,-0.5661861559143849,-0.170869628746977,0
2,2,-0.0614594382390958,1.2309308692529466,1.987519636056945,-0.37859021447286,1.4103842496990864,-0.149948428866438,-1
1,2,0.8160381043957716,-0.3496116591413837,-0.6844328977382762,-0.1779587953697563,-0.56702510769945,0.3819464833506556,-1
2,2,-0.2716223926744425,-0.1105994842517481,6.244944319611641,-0.6057939673175452,7.3870767665031485,-0.1098790121460836,-1
2,2,0.3813218051160364,-0.6596229154608203,-0.5480572485653632,1.7482264202699995,-0.5347254639744422,0.6954098849505962,-1
2,2,1.1924812293268046,0.1383037840431841,0.2987134681741668,-0.3516059065647424,0.2578742349658494,0.217768253779646,-1
1,2,0.1557405752424306,-0.5806296626486561,-0.6967445882886086,-0.498886671101415,-0.5737367219799712,-0.2648377299053303,0
1,2,-0.2094748824463829,-0.6028507492030213,-0.5619473609811229,1.0501361950744983,-0.5116542898851508,-0.2329240351723046,-1
1,2,-0.9486032865327716,-0.7402421014354988,-0.0978913325455161,2.580826210839553,-0.6012123929408546,-0.3456857565623285,-1
1,2,-0.7419193275809295,-0.6243943636063388,-0.2756216345926227,1.3414019308155545,-0.4841786189242674,0.1479127219751344,-1
2,3,-0.9187155526063,-0.2399966651018626,0.1808579688889333,-0.5528552869176503,0.9206461451673106,-0.0545619412755059,-1
2,3,-0.7654025470945856,-0.0045073453976752,0.3458556678882601,-0.4747861823590504,0.4783088164917151,0.2245055893343959,-1
1,3,-0.9286781305817906,-0.0051848175487229,-0.2134318130947896,-0.5608887831651052,0.3593874009587314,-0.0698095954257292,-1
2,3,-0.8152945050512086,0.158221465283987,1.9324853270157156,-0.3328610819873477,2.6400778286583164,-0.5275938165405745,-1
1,3,-0.7082363258542712,-0.6265622744896915,-0.6511808104399425,-0.1726031312047864,-0.5588453277950649,-0.4063217765550772,0
1,3,-0.8541169319239532,-0.4328052392900436,0.0403784228659095,-0.5499714677518972,0.201664465366485,-0.4332711187740766,-1
2,3,-0.7297428433886634,0.1548341045287484,0.7986522870171526,-0.0780550599847406,0.7799119832226332,-0.1453386729605565,-1
2,3,1.2160435169196313,0.1880302399300867,0.4587654453284883,-0.0541605583256441,0.3648405875616549,-0.1783161575180163,-1
1,3,-0.6777951153736058,-0.4628850027965624,-0.6232953574840613,-0.3565495965631761,-0.3560287337555672,-0.3049071466256846,0
2,3,-0.4759343092511678,1.198412206002656,1.3226883463389942,-0.2197741732731753,1.9582197653466236,-0.382918400417525,-1
1,3,-0.6704417840107438,-0.6364533678949882,-0.6265574293392776,-0.2628254736762027,-0.5680737974307815,-0.187890265937924,0
2,3,-0.8531681149739064,0.5755443103293825,1.5092578108324932,-0.2741547632559467,2.046309702778463,0.5716556687080857,-1
1,3,-0.9007670986345832,-0.6355049068835215,-0.6753832790431601,-0.4618089961131618,-0.5854820469708831,-0.4715675524537073,0
2,3,-0.9395895255073278,0.0633753641373063,1.3944539271537524,-0.585813220240542,1.216586387349039,-0.1467570593931354,-1
1,3,0.1611962727051992,0.2163485758438814,-0.5685767328159173,0.6826552385242551,-0.3247777797618907,0.2893967686248813,-1
1,3,-0.933817555727877,-0.6868572959329385,-0.6249790074738504,-0.5823114398249848,-0.5657666800218524,-0.4956801218075489,0
1,3,0.8448979532930257,-0.7672054930471981,-0.8137582625789476,0.0175229466516454,-0.6024708206184523,-0.3463949497786179,0
2,3,-0.9459149718409724,-0.6126063481781086,1.5069427920965333,-0.6045580448179367,0.8107434613237771,-0.5017082641460093,-1
1,3,-0.8888278186798287,1.743506298735651,-0.6620193072492094,0.6266267518753391,-0.4919389229361199,0.9131322023514598,-1
1,3,-0.885902299750518,0.0110745140764223,-0.6147718794107543,-0.5627426669145178,-0.5556992586010707,-0.2655469231216197,0
1,3,0.6124378005315814,-0.3962217431334668,-0.6256103762200212,-0.0970058716454034,-0.5062011032822273,-0.3623517971451307,0
1,3,-0.5745322039768553,-0.7031166275580839,-0.7457808942412146,-0.3843578528043661,-0.5710101286785095,-0.3971022647433142,0
1,3,-0.7811370948495269,-0.5684351639297972,-0.5785734046302897,-0.5174255085955416,-0.5668153697531838,-0.2882411060428824,0
1,3,-0.5829924884481053,-0.6502737997763617,-0.3696955777720858,-0.5934347423214608,-0.3243583038693581,-0.4293705560844845,0
1,3,-0.7420774637392706,-0.6670751091223451,-0.6763303321624164,-0.4055745223809777,-0.4965531577539782,-0.3747626784301963,0
2,3,-0.5778530633020189,0.0449481216288083,0.0077577043137467,-0.2992851874146517,0.3426083652574286,0.5603085772474543,-1
1,3,-0.1928705858205654,-0.4849705949207181,-0.6615983947517622,-0.3911554265522125,-0.5577966380637335,-0.3822092072012356,0
1,3,-0.6739207794942484,-0.6642297260879447,-0.7805061752806138,-0.3326550949040796,-0.551504499675745,-0.4194418510564321,0
1,3,0.8171450575041594,-0.6233104081646624,-0.583519126475295,-0.2113287028591843,-0.583174929561954,-0.3428489836971706,0
1,3,-0.4577486510419392,-0.7397001237146608,-0.7648271847507033,-0.4084583415467307,-0.5957592063379311,-0.4357532950310896,0
2,3,2.1885018226383406,-0.2509717139488356,-0.3152926374770271,-0.3518118936480104,-0.4946655162375817,0.25180952816154,-1
1,3,0.6408232409538122,-0.5296837568898676,-0.6326606605522629,1.04890027257489,-0.4541860926081886,-0.2605825706075935,-1
1,3,-0.6417400712718309,-0.2703474174688005,-0.664018641612084,-0.4523335902828304,-0.5210924974671336,1.1716331296889673,-1
2,3,0.2431898708050692,0.0624269031258394,-0.0582203296611116,-0.3229737019904801,-0.2025005570886464,0.5631453501126122,-1
1,3,-0.4477070049872782,-0.4796863121425458,-0.6611774822543149,-0.325445546989697,-0.5391299608460342,-0.2974606178546453,0
1,3,-0.4870038403350462,-0.5888948228914384,-0.7144229131813936,-0.5098039865146229,-0.5045231997120971,-0.5158921284717984,0
2,3,-0.7008829944914092,0.3839551860130873,0.5929313038898032,0.5291948614895403,0.3742787951436377,-0.0350591278275458,-1
1,3,2.1184475044932247,-0.3580123138143754,-0.5580539203797357,-0.4197876311264747,-0.5842236192932855,-0.1003049037261759,-1
1,3,-0.6938459354452294,-0.3390430935850392,-0.6365541011536501,-0.5746899177440661,-0.5900962817887414,-0.1456932695687012,0
2,3,-0.6287729062878591,-0.085668509093192,0.2567274465538023,-0.6059999544008132,-0.433841511820359,-0.477241098184023,-1
1,3,1.285386222352212,-0.6574550045774675,-0.6108784388093671,0.1666575949377307,-0.4785156943750777,-0.4449728068428526,-1
1,3,0.4561992760905561,-0.1633068176032607,-0.6665441165967676,1.4120555003765036,-0.5527629273533426,-0.3520684955089336,-1
1,3,1.7753711089721678,0.2220393419126822,0.0544789915303928,-0.1095710837247559,-0.2454968360732349,0.4851340963207718,-1
1,3,-0.8048575186006947,-0.6005473438894591,-0.4736609646415596,0.1924059803462399,-0.5210924974671336,-0.4127045155016823,0
1,3,-0.1041562009911979,2.1762755088249346,0.7838151214821366,0.1159847724537846,-0.5452123612877564,1.2748207426590834,-1
1,3,-0.0288833896208254,-0.6604358820420775,-0.666859800969853,-0.1007136391442287,-0.5640887764517221,-0.1620047135433588,0
1,3,-0.8534843872905887,-0.2948719093367279,-0.5360612423881163,-0.2321333982692597,-0.5303209671028501,-0.1978189709659764,0
1,3,0.7051055893194769,-0.5257544184137908,-0.6711741540686874,-0.2290435920202386,-0.5559089965473369,-0.1999465506148448,0
1,3,-0.1751593360863601,-0.6704624698775837,-0.7133706319377755,-0.2873379365851034,-0.5624108728815918,-0.3967476681351695,0
1,3,-0.2067865677545839,-0.5780552684746748,-0.6870636008473215,-0.0109032708393486,-0.556747948332402,-0.2981698110709347,0
1,3,-0.6838042893905684,-0.6253428246178057,-0.6969550445373323,0.500562656915278,-0.5391299608460342,-0.1861172828972004,0
1,3,-0.7395472852058127,-0.4112616248867262,-0.5933053420409439,-0.4459479907015201,-0.5844333572395517,0.1071341120384905,0
1,3,-0.9078832257599336,-0.2189950284193833,-0.4578767459872872,-0.4970327873520023,-0.578770432690362,-0.3088077093152767,0
1,3,0.9196963561883748,0.1265157686149537,-0.4324115398917278,1.1428303825451316,-0.523609352822329,-0.2502992689713963,-1
1,3,0.0297851251237296,-0.6681590645640215,-0.4995470832345662,-0.344808332816896,-0.5731075081411724,-0.3804362241605119,0
1,3,-0.1896287945745725,-0.6070510765395172,-0.7037948726208503,-0.0310900049996198,-0.427968849324903,-0.437880874679958,0
2,3,-0.5918481133152078,0.8393519659473645,0.1466588284713433,-0.0881484270648762,0.1041363203526624,0.244008402782356,-1
1,3,-0.0367901975378813,-0.5596280259661768,-0.6864322321011507,0.7757614001614244,-0.5909352335738066,-0.2772486111903958,-1
1,3,-0.0441435289007433,-0.6455314947190277,-0.7754552253112467,0.4774921035892538,-0.5888378541111438,-0.4531285288301814,0
1,3,-0.1888381137828669,-0.7071814604643701,-0.7383096974115257,-0.302992954913477,-0.5059913653359611,-0.4077401629876561,0
1,3,-0.5973038107779765,-0.6626037929254303,-0.7064255757298956,0.1038315345409683,-0.5722685563561072,-0.1811529303831741,0
1,3,1.1992020160563022,-0.4058418476783444,-0.6127725450478798,2.090988926828074,-0.5850625710783506,0.1337288576493452,-1
1,3,1.149547262337191,-0.1413567199093146,-0.3009816125638202,-0.5874611169066867,-0.6022610826721859,-0.4201510442727216,-1
1,3,1.075776744471059,0.7058899521909637,-0.3522277091280244,-0.6066179156506175,-0.4718040800945566,-0.4385900678962475,-1
1,3,0.4801569040792355,-0.1603259401386507,-0.4742923333877304,0.2579098728254873,-0.4126579792474642,-0.2871773162184481,0
1,3,-0.4045358337601528,-0.643634572696094,-0.7138967725595845,-0.2065909999440185,-0.4799838599989417,-0.4066763731632219,0
1,3,1.033079981718957,-0.1065346513454618,-0.3078214406473382,1.3871310633010667,-0.3753246248120654,-0.2003011472229895,-1
2,3,-0.3667412919166254,0.9549287149161056,1.1292790537619772,-0.0448911395785808,1.049005768282277,-0.3446219667378943,-1
2,3,-0.2959753610589748,-0.2596433574822465,-0.1625014009036709,-0.2937235361664137,-0.0317738688278903,-0.4187326578401427,0
1,3,-0.2603156573530525,-0.2929749873137943,-0.1948064350827482,-0.148914616628958,-0.1590848022115254,1.280848884997544,-1
1,3,-0.4243819216319632,-0.501365420976073,-0.3565420622268588,-0.3466622165663086,-0.2142458820795584,0.1301828915678979,0
1,3,-0.7807417544536741,-0.339720565736087,-0.4914445176587064,-0.3165881024091699,-0.5550700447622718,1.007100303509813,-1
1,3,-0.941170887090739,-0.2969043257898711,0.4681307483966899,-0.6125915410653916,0.018563238276018,-0.5187289013369563,-1
1,3,-0.5548442522633861,-0.1269943103071029,-0.1387198447979006,3.04738695444174,-0.4130774551399968,0.3227288497904859,-1
1,3,-0.4768831262012146,-0.5157278305782845,-0.4771334927454995,0.537022370653727,-0.3663058931226152,-0.437880874679958,0
2,3,-0.3287886139147569,0.0338375783516257,0.0632129258524235,-0.2844541174193504,0.1381138676478006,0.1238001526212928,-1
2,3,-0.6018106912906983,0.6969473197971339,0.311130386848861,-0.4581012286143364,0.8067584403447177,-0.1885994591542135,-1
1,3,-0.5483606697714002,-0.0402778749729948,0.3265989211300479,-0.557798976916084,0.1265782806031549,-0.1637776965840824,-1
2,3,-0.8966555585177141,0.3655279435045893,1.1228601381759065,-0.605381993151009,0.8092752956999131,-0.2655469231216197,-1
1,3,-0.248218241239957,-0.2727863172125722,-0.6027758732335073,-0.5023884515169723,-0.2729725070341183,-0.0013724500537965,0
1,3,-0.5965131299862708,-0.0718480772118185,0.5551544072439114,-0.627628598143961,0.8256348555086833,-0.0467608158963218,-1
2,3,0.4002981441169706,-0.1286202434696174,0.1159322161576931,-0.4204055923762789,0.1118966243645149,0.0918864578882672,-1
1,3,1.1385567993324832,-0.598785916296735,-0.3976862588523287,-0.4618089961131618,-0.4055268890744105,-0.1088152223216494,-1
2,3,0.4399903198605914,-0.285929276942898,-0.3466506185368482,-0.4146379540447729,-0.2262009450167367,-0.3038433568012504,0
2,3,0.3937354935458142,-0.3945958099709523,0.4504524235039048,-0.4527455644493665,0.0695295592187253,-0.4524193356138919,-1
1,3,-0.0598780766556846,-0.4590911587506951,-0.5638414672196356,2.5287114787727307,-0.5817067639380901,0.1280553119190295,-1
1,3,0.089639661055843,0.4811046924733303,0.6697478346739285,0.0142271533193562,0.4609005669516134,0.1308920847841874,-1
1,3,1.5032187804671029,1.4756338102113828,-0.2654145065295265,2.473918914623423,-0.5122835037239496,-0.1283180357696095,-1
1,3,-0.707920053537589,0.0235400016557003,-0.3200279030733088,-0.1800186662024371,-0.4260812078085064,-0.4283067662600504,0
1,3,-0.2683015333492791,-0.5482464938285752,-0.4599813084745235,-0.6230968823120634,-0.5867404746484809,0.346132225928038,0
1,3,-0.703966649579061,-0.2122203069089061,0.897777180165983,-0.5143357023465205,-0.5538116170846741,0.196847053899107,-1
1,3,-0.2741525712079005,-0.039329413961528,-0.2937208719828549,2.145163529727577,-0.3155493101261741,-0.0095281720411253,-1
1,3,0.7208401370744182,-0.627917218791787,-0.336443490473752,-0.577367749826551,-0.3258264694932221,-0.4006482308247615,-1
1,3,-0.7921275578542346,-0.3493406702809646,-0.6795924040176327,-0.3153521799095614,-0.5296917532640513,-0.026903405840217,0
1,3,0.3740475418323449,-0.2539525914134456,0.0044956324585304,-0.4910591619372282,-0.1070697915374867,-0.2435619334166465,-1
1,3,1.3997186648328406,0.8474816317599372,0.849793155456995,2.072862063500484,-0.5661861559143849,0.2408170333090534,-1
1,3,2.1528421189324183,-0.5914692170654197,-0.7563037066773962,0.296223470313349,-0.5848528331320844,0.291169751665605,-1
2,3,0.2000977676571144,1.3131759883901395,2.345716171384565,-0.5427619198375147,2.508362398403089,0.1213179763642797,-1
1,3,-0.1352299561052277,-0.5169472804501705,-0.601828820114251,-0.4189636827934024,-0.5691224871621129,0.2128039012656198,0
1,3,-0.7284777541219344,-0.5552922041994715,-0.5725754015416662,-0.6193891148132381,-0.5043134617658308,-0.5222748674184036,0
